UID,Date,Review_Text,Rating
USER_1000,2023-10-28,"No issues so far, highly recommended.",5
USER_1001,2023-10-25,Five stars. Incredible support from the team.,5
USER_1002,2023-10-14,"No issues so far, highly recommended.",5
USER_1003,2023-10-17,Five stars. Incredible support from the team.,5
USER_1004,2023-10-4,Works perfectly on my phone.,5
USER_1005,2023-10-19,Five stars. Incredible support from the team.,5
USER_1006,2023-10-12,"Smooth experience, exactly what I needed.",5
USER_1007,2023-10-8,"Smooth experience, exactly what I needed.",5
USER_1008,2023-10-1,Absolutely love the new UI update!,5
USER_1009,2023-10-15,"Smooth experience, exactly what I needed.",5
USER_1010,2023-10-14,"Smooth experience, exactly what I needed.",5
USER_1011,2023-10-8,Works perfectly on my phone.,5
USER_1012,2023-10-26,Five stars. Incredible support from the team.,5
USER_1013,2023-10-23,Five stars. Incredible support from the team.,5
USER_1014,2023-10-27,Five stars. Incredible support from the team.,5
USER_1015,2023-10-21,"Smooth experience, exactly what I needed.",5
USER_1016,2023-10-7,Works perfectly on my phone.,5
USER_1017,2023-10-6,"Smooth experience, exactly what I needed.",5
USER_1018,2023-10-28,Absolutely love the new UI update!,5
USER_1019,2023-10-8,Works perfectly on my phone.,5
USER_1020,2023-10-19,Absolutely love the new UI update!,5
USER_1021,2023-10-17,Five stars. Incredible support from the team.,5
USER_1022,2023-10-21,"No issues so far, highly recommended.",5
USER_1023,2023-10-17,"Smooth experience, exactly what I needed.",5
USER_1024,2023-10-16,Five stars. Incredible support from the team.,5
USER_1025,2023-10-24,"No issues so far, highly recommended.",5
USER_1026,2023-10-10,Five stars. Incredible support from the team.,5
USER_1027,2023-10-17,Works perfectly on my phone.,5
USER_1028,2023-10-28,"No issues so far, highly recommended.",5
USER_1029,2023-10-1,Absolutely love the new UI update!,5
USER_1030,2023-10-3,Absolutely love the new UI update!,5
USER_1031,2023-10-7,Works perfectly on my phone.,5
USER_1032,2023-10-28,Works perfectly on my phone.,5
USER_1033,2023-10-18,Five stars. Incredible support from the team.,5
USER_1034,2023-10-21,"No issues so far, highly recommended.",5
USER_1035,2023-10-18,"No issues so far, highly recommended.",5
USER_1036,2023-10-18,Five stars. Incredible support from the team.,5
USER_1037,2023-10-13,"No issues so far, highly recommended.",5
USER_1038,2023-10-10,"No issues so far, highly recommended.",5
USER_1039,2023-10-4,"No issues so far, highly recommended.",5
USER_1040,2023-10-7,"No issues so far, highly recommended.",5
USER_1041,2023-10-20,Absolutely love the new UI update!,5
USER_1042,2023-10-12,"No issues so far, highly recommended.",5
USER_1043,2023-10-26,Works perfectly on my phone.,5
USER_1044,2023-10-28,Works perfectly on my phone.,5
USER_1045,2023-10-9,Absolutely love the new UI update!,5
USER_1046,2023-10-27,Five stars. Incredible support from the team.,5
USER_1047,2023-10-7,Absolutely love the new UI update!,5
USER_1048,2023-10-14,Five stars. Incredible support from the team.,5
USER_1049,2023-10-26,Absolutely love the new UI update!,5
USER_1050,2023-10-18,Works perfectly on my phone.,5
USER_1051,2023-10-21,"No issues so far, highly recommended.",5
USER_1052,2023-10-26,Works perfectly on my phone.,5
USER_1053,2023-10-20,Works perfectly on my phone.,5
USER_1054,2023-10-7,"Smooth experience, exactly what I needed.",5
USER_1055,2023-10-26,Five stars. Incredible support from the team.,5
USER_1056,2023-10-15,Five stars. Incredible support from the team.,5
USER_1057,2023-10-19,Absolutely love the new UI update!,5
USER_1058,2023-10-14,Five stars. Incredible support from the team.,5
USER_1059,2023-10-18,"Smooth experience, exactly what I needed.",5
USER_1060,2023-10-2,Works perfectly on my phone.,5
USER_1061,2023-10-23,Works perfectly on my phone.,5
USER_1062,2023-10-28,Five stars. Incredible support from the team.,5
USER_1063,2023-10-8,Five stars. Incredible support from the team.,5
USER_1064,2023-10-3,"No issues so far, highly recommended.",5
USER_1065,2023-10-6,Works perfectly on my phone.,5
USER_1066,2023-10-3,Works perfectly on my phone.,5
USER_1067,2023-10-27,Five stars. Incredible support from the team.,5
USER_1068,2023-10-3,Works perfectly on my phone.,5
USER_1069,2023-10-21,Five stars. Incredible support from the team.,5
USER_1070,2023-10-10,Five stars. Incredible support from the team.,5
USER_1071,2023-10-9,"Smooth experience, exactly what I needed.",5
USER_1072,2023-10-13,Works perfectly on my phone.,5
USER_1073,2023-10-28,"Smooth experience, exactly what I needed.",5
USER_1074,2023-10-11,"No issues so far, highly recommended.",5
USER_1075,2023-10-15,Absolutely love the new UI update!,5
USER_1076,2023-10-21,"No issues so far, highly recommended.",5
USER_1077,2023-10-5,Absolutely love the new UI update!,5
USER_1078,2023-10-14,"Smooth experience, exactly what I needed.",5
USER_1079,2023-10-23,Absolutely love the new UI update!,5
USER_1080,2023-10-27,"No issues so far, highly recommended.",5
USER_1081,2023-10-14,"No issues so far, highly recommended.",5
USER_1082,2023-10-21,"No issues so far, highly recommended.",5
USER_1083,2023-10-21,"Smooth experience, exactly what I needed.",5
USER_1084,2023-10-5,Five stars. Incredible support from the team.,5
USER_1085,2023-10-20,"Smooth experience, exactly what I needed.",5
USER_1086,2023-10-4,Absolutely love the new UI update!,5
USER_1087,2023-10-5,"Smooth experience, exactly what I needed.",5
USER_1088,2023-10-23,Five stars. Incredible support from the team.,5
USER_1089,2023-10-12,Five stars. Incredible support from the team.,5
USER_1090,2023-10-10,Works perfectly on my phone.,5
USER_1091,2023-10-26,Absolutely love the new UI update!,5
USER_1092,2023-10-23,"No issues so far, highly recommended.",5
USER_1093,2023-10-17,Works perfectly on my phone.,5
USER_1094,2023-10-1,Five stars. Incredible support from the team.,5
USER_1095,2023-10-7,"No issues so far, highly recommended.",5
USER_1096,2023-10-17,"Smooth experience, exactly what I needed.",5
USER_1097,2023-10-7,"Smooth experience, exactly what I needed.",5
USER_1098,2023-10-21,Absolutely love the new UI update!,5
USER_1099,2023-10-3,"No issues so far, highly recommended.",5
USER_1100,2023-10-25,Works perfectly on my phone.,5
USER_1101,2023-10-23,"No issues so far, highly recommended.",5
USER_1102,2023-10-14,Absolutely love the new UI update!,5
USER_1103,2023-10-5,Absolutely love the new UI update!,5
USER_1104,2023-10-23,Absolutely love the new UI update!,5
USER_1105,2023-10-17,"No issues so far, highly recommended.",5
USER_1106,2023-10-19,"Smooth experience, exactly what I needed.",5
USER_1107,2023-10-6,Absolutely love the new UI update!,5
USER_1108,2023-10-13,Five stars. Incredible support from the team.,5
USER_1109,2023-10-4,"No issues so far, highly recommended.",5
USER_1110,2023-10-7,"No issues so far, highly recommended.",5
USER_1111,2023-10-17,Works perfectly on my phone.,5
USER_1112,2023-10-10,Absolutely love the new UI update!,5
USER_1113,2023-10-5,Absolutely love the new UI update!,5
USER_1114,2023-10-17,Five stars. Incredible support from the team.,5
USER_1115,2023-10-2,"The UI is great but the app is awful, it constantly drains my battery in the background.",1
USER_1116,2023-10-12,"Smooth experience, exactly what I needed.",5
USER_1117,2023-10-14,Absolutely love the new UI update!,5
USER_1118,2023-10-8,"Smooth experience, exactly what I needed.",5
USER_1119,2023-10-10,Five stars. Incredible support from the team.,5
USER_1120,2023-10-15,Absolutely love the new UI update!,5
USER_1121,2023-10-20,Absolutely love the new UI update!,5
USER_1122,2023-10-14,Five stars. Incredible support from the team.,5
USER_1123,2023-10-24,Five stars. Incredible support from the team.,5
USER_1124,2023-10-14,Five stars. Incredible support from the team.,5
USER_1125,2023-10-3,Absolutely love the new UI update!,5
USER_1126,2023-10-13,"Smooth experience, exactly what I needed.",5
USER_1127,2023-10-4,Five stars. Incredible support from the team.,5
USER_1128,2023-10-23,Works perfectly on my phone.,5
USER_1129,2023-10-25,Absolutely love the new UI update!,5
USER_1130,2023-10-11,"No issues so far, highly recommended.",5
USER_1131,2023-10-18,Absolutely love the new UI update!,5
USER_1132,2023-10-24,"No issues so far, highly recommended.",5
USER_1133,2023-10-26,Absolutely love the new UI update!,5
USER_1134,2023-10-16,Works perfectly on my phone.,5
USER_1135,2023-10-20,Works perfectly on my phone.,5
USER_1136,2023-10-19,"Smooth experience, exactly what I needed.",5
USER_1137,2023-10-20,Five stars. Incredible support from the team.,5
USER_1138,2023-10-20,"Smooth experience, exactly what I needed.",5
USER_1139,2023-10-9,Works perfectly on my phone.,5
USER_1140,2023-10-19,"Smooth experience, exactly what I needed.",5
USER_1141,2023-10-6,Five stars. Incredible support from the team.,5
USER_1142,2023-10-6,Absolutely love the new UI update!,5
USER_1143,2023-10-6,Five stars. Incredible support from the team.,5
USER_1144,2023-10-16,Five stars. Incredible support from the team.,5
USER_1145,2023-10-12,"No issues so far, highly recommended.",5
USER_1146,2023-10-14,"No issues so far, highly recommended.",5
USER_1147,2023-10-21,"Smooth experience, exactly what I needed.",5
USER_1148,2023-10-2,Five stars. Incredible support from the team.,5
USER_1149,2023-10-10,"Smooth experience, exactly what I needed.",5
USER_1150,2023-10-23,"No issues so far, highly recommended.",5
USER_1151,2023-10-24,Absolutely love the new UI update!,5
USER_1152,2023-10-16,Works perfectly on my phone.,5
USER_1153,2023-10-21,Absolutely love the new UI update!,5
USER_1154,2023-10-2,Works perfectly on my phone.,5
USER_1155,2023-10-3,"Smooth experience, exactly what I needed.",5
USER_1156,2023-10-5,Absolutely love the new UI update!,5
USER_1157,2023-10-3,"No issues so far, highly recommended.",5
USER_1158,2023-10-4,Absolutely love the new UI update!,5
USER_1159,2023-10-17,"No issues so far, highly recommended.",5
USER_1160,2023-10-22,Works perfectly on my phone.,5
USER_1161,2023-10-1,Works perfectly on my phone.,5
USER_1162,2023-10-6,Absolutely love the new UI update!,5
USER_1163,2023-10-4,Five stars. Incredible support from the team.,5
USER_1164,2023-10-11,"No issues so far, highly recommended.",5
USER_1165,2023-10-3,Absolutely love the new UI update!,5
USER_1166,2023-10-26,"No issues so far, highly recommended.",5
USER_1167,2023-10-16,Works perfectly on my phone.,5
USER_1168,2023-10-8,Absolutely love the new UI update!,5
USER_1169,2023-10-26,"No issues so far, highly recommended.",5
USER_1170,2023-10-20,Absolutely love the new UI update!,5
USER_1171,2023-10-15,Absolutely love the new UI update!,5
USER_1172,2023-10-9,Works perfectly on my phone.,5
USER_1173,2023-10-5,"Smooth experience, exactly what I needed.",5
USER_1174,2023-10-2,"Smooth experience, exactly what I needed.",5
USER_1175,2023-10-1,Five stars. Incredible support from the team.,5
USER_1176,2023-10-11,"No issues so far, highly recommended.",5
USER_1177,2023-10-7,Works perfectly on my phone.,5
USER_1178,2023-10-9,"No issues so far, highly recommended.",5
USER_1179,2023-10-18,"Smooth experience, exactly what I needed.",5
USER_1180,2023-10-14,Works perfectly on my phone.,5
USER_1181,2023-10-16,"No issues so far, highly recommended.",5
USER_1182,2023-10-19,Five stars. Incredible support from the team.,5
USER_1183,2023-10-10,"No issues so far, highly recommended.",5
USER_1184,2023-10-5,Absolutely love the new UI update!,5
USER_1185,2023-10-5,Absolutely love the new UI update!,5
USER_1186,2023-10-22,Works perfectly on my phone.,5
USER_1187,2023-10-15,Five stars. Incredible support from the team.,5
USER_1188,2023-10-5,Works perfectly on my phone.,5
USER_1189,2023-10-23,"Smooth experience, exactly what I needed.",5
USER_1190,2023-10-15,"No issues so far, highly recommended.",5
USER_1191,2023-10-27,Absolutely love the new UI update!,5
USER_1192,2023-10-14,Absolutely love the new UI update!,5
USER_1193,2023-10-28,Absolutely love the new UI update!,5
USER_1194,2023-10-22,Works perfectly on my phone.,5
USER_1195,2023-10-1,"Smooth experience, exactly what I needed.",5
USER_1196,2023-10-12,Five stars. Incredible support from the team.,5
USER_1197,2023-10-18,Five stars. Incredible support from the team.,5
USER_1198,2023-10-15,"No issues so far, highly recommended.",5
USER_1199,2023-10-18,"Smooth experience, exactly what I needed.",5
USER_1200,2023-10-14,Absolutely love the new UI update!,5
USER_1201,2023-10-28,"Smooth experience, exactly what I needed.",5
USER_1202,2023-10-10,"No issues so far, highly recommended.",5
USER_1203,2023-10-25,Works perfectly on my phone.,5
USER_1204,2023-10-3,Absolutely love the new UI update!,5
USER_1205,2023-10-26,Works perfectly on my phone.,5
USER_1206,2023-10-22,Five stars. Incredible support from the team.,5
USER_1207,2023-10-16,Five stars. Incredible support from the team.,5
USER_1208,2023-10-21,Absolutely love the new UI update!,5
USER_1209,2023-10-19,Five stars. Incredible support from the team.,5
USER_1210,2023-10-26,"No issues so far, highly recommended.",5
USER_1211,2023-10-14,Absolutely love the new UI update!,5
USER_1212,2023-10-16,Absolutely love the new UI update!,5
USER_1213,2023-10-7,Five stars. Incredible support from the team.,5
USER_1214,2023-10-12,"Smooth experience, exactly what I needed.",5
USER_1215,2023-10-9,"No issues so far, highly recommended.",5
USER_1216,2023-10-4,Absolutely love the new UI update!,5
USER_1217,2023-10-16,Absolutely love the new UI update!,5
USER_1218,2023-10-28,Five stars. Incredible support from the team.,5
USER_1219,2023-10-1,Absolutely love the new UI update!,5
USER_1220,2023-10-24,Works perfectly on my phone.,5
USER_1221,2023-10-19,"No issues so far, highly recommended.",5
USER_1222,2023-10-15,Five stars. Incredible support from the team.,5
USER_1223,2023-10-9,"Smooth experience, exactly what I needed.",5
USER_1224,2023-10-25,"Smooth experience, exactly what I needed.",5
USER_1225,2023-10-20,Absolutely love the new UI update!,5
USER_1226,2023-10-13,Five stars. Incredible support from the team.,5
USER_1227,2023-10-2,"No issues so far, highly recommended.",5
USER_1228,2023-10-21,Absolutely love the new UI update!,5
USER_1229,2023-10-3,Five stars. Incredible support from the team.,5
USER_1230,2023-10-14,Absolutely love the new UI update!,5
USER_1231,2023-10-6,Five stars. Incredible support from the team.,5
USER_1232,2023-10-12,Five stars. Incredible support from the team.,5
USER_1233,2023-10-3,"Smooth experience, exactly what I needed.",5
USER_1234,2023-10-14,"No issues so far, highly recommended.",5
USER_1235,2023-10-7,Absolutely love the new UI update!,5
USER_1236,2023-10-25,"No issues so far, highly recommended.",5
USER_1237,2023-10-4,"Smooth experience, exactly what I needed.",5
USER_1238,2023-10-8,"No issues so far, highly recommended.",5
USER_1239,2023-10-21,Absolutely love the new UI update!,5
USER_1240,2023-10-7,Complete garbage. App keeps crashing whenever I try to open the settings menu.,1
USER_1241,2023-10-23,Five stars. Incredible support from the team.,5
USER_1242,2023-10-8,Five stars. Incredible support from the team.,5
USER_1243,2023-10-20,"No issues so far, highly recommended.",5
USER_1244,2023-10-13,Works perfectly on my phone.,5
USER_1245,2023-10-27,"Smooth experience, exactly what I needed.",5
USER_1246,2023-10-20,Works perfectly on my phone.,5
USER_1247,2023-10-19,Absolutely love the new UI update!,5
USER_1248,2023-10-7,Absolutely love the new UI update!,5
USER_1249,2023-10-22,Five stars. Incredible support from the team.,5
USER_1250,2023-10-14,"No issues so far, highly recommended.",5
USER_1251,2023-10-8,Works perfectly on my phone.,5
USER_1252,2023-10-14,Works perfectly on my phone.,5
USER_1253,2023-10-1,"Smooth experience, exactly what I needed.",5
USER_1254,2023-10-27,"No issues so far, highly recommended.",5
USER_1255,2023-10-22,Works perfectly on my phone.,5
USER_1256,2023-10-14,"Smooth experience, exactly what I needed.",5
USER_1257,2023-10-9,Five stars. Incredible support from the team.,5
USER_1258,2023-10-5,Five stars. Incredible support from the team.,5
USER_1259,2023-10-26,"Smooth experience, exactly what I needed.",5
USER_1260,2023-10-11,"No issues so far, highly recommended.",5
USER_1261,2023-10-16,Five stars. Incredible support from the team.,5
USER_1262,2023-10-24,Works perfectly on my phone.,5
USER_1263,2023-10-5,Five stars. Incredible support from the team.,5
USER_1264,2023-10-10,Five stars. Incredible support from the team.,5
USER_1265,2023-10-19,"Smooth experience, exactly what I needed.",5
USER_1266,2023-10-27,"Smooth experience, exactly what I needed.",5
USER_1267,2023-10-21,"Smooth experience, exactly what I needed.",5
USER_1268,2023-10-14,"No issues so far, highly recommended.",5
USER_1269,2023-10-10,"Smooth experience, exactly what I needed.",5
USER_1270,2023-10-16,Five stars. Incredible support from the team.,5
USER_1271,2023-10-16,Absolutely love the new UI update!,5
USER_1272,2023-10-26,"Smooth experience, exactly what I needed.",5
USER_1273,2023-10-18,Absolutely love the new UI update!,5
USER_1274,2023-10-2,Absolutely love the new UI update!,5
USER_1275,2023-10-18,Absolutely love the new UI update!,5
USER_1276,2023-10-3,"Smooth experience, exactly what I needed.",5
USER_1277,2023-10-9,"No issues so far, highly recommended.",5
USER_1278,2023-10-17,Absolutely love the new UI update!,5
USER_1279,2023-10-27,Works perfectly on my phone.,5
USER_1280,2023-10-9,Works perfectly on my phone.,5
USER_1281,2023-10-8,Five stars. Incredible support from the team.,5
USER_1282,2023-10-23,Absolutely love the new UI update!,5
USER_1283,2023-10-18,Five stars. Incredible support from the team.,5
USER_1284,2023-10-25,"Smooth experience, exactly what I needed.",5
USER_1285,2023-10-3,"Smooth experience, exactly what I needed.",5
USER_1286,2023-10-12,Absolutely love the new UI update!,5
USER_1287,2023-10-23,"No issues so far, highly recommended.",5
USER_1288,2023-10-16,"Smooth experience, exactly what I needed.",5
USER_1289,2023-10-28,Absolutely love the new UI update!,5
USER_1290,2023-10-18,Works perfectly on my phone.,5
USER_1291,2023-10-25,Works perfectly on my phone.,5
USER_1292,2023-10-2,Five stars. Incredible support from the team.,5
USER_1293,2023-10-18,Works perfectly on my phone.,5
USER_1294,2023-10-11,Five stars. Incredible support from the team.,5
USER_1295,2023-10-16,"Smooth experience, exactly what I needed.",5
USER_1296,2023-10-23,"No issues so far, highly recommended.",5
USER_1297,2023-10-17,"Smooth experience, exactly what I needed.",5
USER_1298,2023-10-21,"No issues so far, highly recommended.",5
USER_1299,2023-10-4,Five stars. Incredible support from the team.,5
